<?xml version='1.0' encoding='utf-8'?>
 <!DOCTYPE hibernate-configuration PUBLIC
      "-//Hibernate/Hibernate Configuration DTD 3.0//EN"
      "http://hibernate.sourceforge.net/hibernate-configuration-3.0.dtd" >
      
   <hibernate-configuration> 
   
  <session-factory>
    <!-- Database connection settings -->
    <property name="connection.driver_class">com.mysql.jdbc.Driver</property>
    <property name="connection.url">jdbc:mysql://localhost/contactusinghibernate2</property>
    <property name="connection.username">root</property>
    <property name="connection.password">root</property>

    <!-- JDBC connection pool (use the built-in) -->
    <property name="connection.pool_size">10</property>

    <!-- SQL dialect -->
    <property name="dialect">org.hibernate.dialect.MySQLDialect</property>

    <!-- Disable the second-level cache  -->
    <property name="cache.provider_class">org.hibernate.cache.internal.NoCacheProvider</property>

    <!-- Echo all executed SQL to stdout -->
    <property name="show_sql">true</property>

    <!-- Drop and re-create the database schema on startup -->
    <property name="hbm2ddl.auto">update</property>
    
	<mapping class="com.yash.cmsass.model.Person"/>
	<mapping class="com.yash.cmsass.model.Contact"/>
	<mapping class="com.yash.cmsass.model.User"/>
  </session-factory>
</hibernate-configuration>